{"accounts":[{"country":"Romania","characters":[{"profession":"Warrior","level":"4","name":"Odysseus Prisco","experience":"45"},{"profession":"Mage","level":"1","name":"Kameron Neppl","experience":"10"},{"profession":"Rogue","level":"1","name":"Chlarimonde Markert","experience":"35"}],"credentials":{"password":"28","email":"m1"},"favorite_games":["Metin","4Story"],"name":"Marcel","maps_completed":25},{"country":"Turkey","characters":[{"profession":"Warrior","level":"4","name":"Brisco Schaab","experience":"21"},{"profession":"Mage","level":"7","name":"Scarlett Gardon","experience":"50"},{"profession":"Rogue","level":"15","name":"Miyoko Fei","experience":"40"}],"credentials":{"password":"123456","email":"genna1951@hotmail.red"},"favorite_games":["World of Warcraft","Metin2","Need for Speed"],"name":"Nawra Ortwin","maps_completed":3},{"country":"France","characters":[{"profession":"Warrior","level":"12","name":"Fujio Takeshita","experience":"15"},{"profession":"Mage","level":"5","name":"Briareus Prestia","experience":"10"},{"profession":"Rogue","level":"11","name":"Kame Oda","experience":"5"}],"credentials":{"password":"aTtZWI7SDl","email":"mculrad0586@perirh.com"},"favorite_games":["Metin","4Story"],"name":"Gemma Eusebius","maps_completed":1},{"country":"United Kingdom","characters":[{"profession":"Warrior","level":"10","name":"Fedele Sama","experience":"20"},{"profession":"Mage","level":"1","name":"Jannik Wriedt","experience":"0"},{"profession":"Rogue","level":"2","name":"Hisa Hano","experience":"20"}],"credentials":{"password":"bxSvxYcaoD","email":"kdsinc@o0i.es"},"favorite_games":["Metin","4Story"],"name":"Grimwald Marciane","maps_completed":20},{"country":"India","characters":[{"profession":"Warrior","level":"3","name":"Rina Zanin","experience":"4"},{"profession":"Mage","level":"5","name":"Dyana Inselman","experience":"10"},{"profession":"Rogue","level":"7","name":"Uysal Abdallah","experience":"45"}],"credentials":{"password":"L5PN1Qknrn","email":"dd55avid@lited.site"},"favorite_games":["Counter Strike 1.6","GTA V","Metin 2"],"name":"Sanjiv Bénédicte","maps_completed":60},{"country":"Romania","characters":[{"profession":"Warrior","level":"8","name":"Silvain Spilker","experience":"0"},{"profession":"Mage","level":"10","name":"Thibaut Goy","experience":"3"},{"profession":"Rogue","level":"2","name":"Eyup Uner","experience":"3"}],"credentials":{"password":"nhnn0HXi8q","email":"troydealbaby@eoooodid.com"},"favorite_games":["Metin 2","League of Legends"],"name":"Praveena Yevheniy","maps_completed":10},{"country":"Bulgaria","characters":[{"profession":"Warrior","level":"10","name":"Jaiden Kimmich","experience":"1"},{"profession":"Mage","level":"7","name":"Zain Eiden","experience":"2"},{"profession":"Rogue","level":"11","name":"Crocefissa Smeriglio","experience":"5"}],"credentials":{"password":"fBfQbuDm8Z","email":"al6056@keralaairport.net"},"favorite_games":["Lego Lord of the Rings","Guild Wars 2"],"name":"Victor Madhuri","maps_completed":3},{"country":"Romania","characters":[{"profession":"Warrior","level":"20","name":"Fiona Broussard","experience":"82"},{"profession":"Mage","level":"15","name":"Fjodora Schutzman","experience":"3"},{"profession":"Rogue","level":"6","name":"Shigeru Uno","experience":"10"}],"credentials":{"password":"AtprqBw5np","email":"roschsin@epubp.site"},"favorite_games":["Batman Arkham Knight","Batman Arkham Asylum"],"name":"Stuart Dorofei","maps_completed":14},{"characters":[],"country":"RO","credentials":{"password":"28","email":"m2"},"favorite_games":["LOL","AOE4","Dota"],"name":"Anghel","maps_completed":0},{"characters":[{"profession":"Rogue","level":"13","name":"Spectre","experience":"160"}],"country":"RO","credentials":{"password":"28","email":"m3"},"favorite_games":["LOL","Lol","AOE"],"name":"Ion","maps_completed":18}]}